Book Id,Title,Author,Author l-f,Additional Authors,ISBN,ISBN13,My Rating,Average Rating,Publisher,Binding,Number of Pages,Year Published,Original Publication Year,Date Read,Date Added,Bookshelves,Bookshelves with positions,Exclusive Shelf,My Review,Spoiler,Private Notes,Read Count,Owned Copies
49084839,Il genio delle donne,Piergiorgio Odifreddi,"Odifreddi, Piergiorgio",,"=""8858699149""","=""9788858699140""",1,2.81,Rizzoli,Kindle Edition,288,2019,2019,,2020/11/16,,,read,,,,0,0
38502,Notes of a Dirty Old Man,Charles Bukowski,"Bukowski, Charles",,"=""""","=""""",1,3.91,City Lights Books,Paperback,204,2001,1969,,2021/02/25,,,read,,,,0,0
40237134,"Overshare: Love, Laughs, Sexuality and Secrets",Rose Ellen Dix,"Dix, Rose Ellen",Rosie Spaughton,"=""140917641X""","=""9781409176411""",1,4.21,Trapeze,Hardcover,256,2019,2018,,2021/01/17,,,read,,,,2,0
50846763,Anxiety,Danny Winter,"Winter, Danny",,"=""""","=""""",1,4.05,Karl Wiggins,Kindle Edition,418,2019,,2025/09/21,2021/01/24,2025,2025 (#10),read,,,,1,0
5113,Franny and Zooey,J.D. Salinger,"Salinger, J.D.",,"=""0316769029""","=""9780316769020""",4,3.96,Back Bay Books,Paperback,201,2001,1957,2021/06/28,2020/10/07,,,read,,,,1,0
43945,Portnoy’s Complaint,Philip Roth,"Roth, Philip",,"=""""","=""""",4,3.71,Vintage,Paperback,274,1995,1969,2024/09/30,2025/11/15,,,read,,,,1,0
18007564,The Martian,Andy Weir,"Weir, Andy",,"=""0804139024""","=""9780804139021""",4,4.42,Ballantine Books,Hardcover,384,2014,2011,2025/08/05,2025/07/24,,,read,,,,1,0
45497,El alquimista,Paulo Coelho,"Coelho, Paulo",,"=""970051336X""","=""9789700513362""",4,3.92,Grijalbo,Paperback,203,2001,1988,,2020/08/16,,,read,,,,1,0
9704796,La famiglia Moskat,Isaac Bashevis Singer,"Singer, Isaac Bashevis",Bruno Fonzi,"=""8878190918""","=""9788878190917""",4,4.22,TEA,Paperback,583,1989,1950,,2020/10/22,,,read,,,,1,0
141421,The Woman Destroyed,Simone de Beauvoir,"Beauvoir, Simone de",Patrick O'Brian,"=""""","=""""",4,4.01,Pantheon Books,Paperback,254,2013,1967,2025/11/09,2024/06/26,,,read,,,,1,0
225343,Heartburn,Nora Ephron,"Ephron, Nora",,"=""""","=""""",4,3.62,Random House,Paperback,179,1996,1983,2025/01/16,2025/01/16,,,read,,,,1,0
123942,A Very Easy Death,Simone de Beauvoir,"Beauvoir, Simone de",,"=""0394728998""","=""9780394728995""",4,4.06,Pantheon,Paperback,112,1985,1964,2024/09/14,2021/02/05,favorites,favorites (#10),read,,,,1,0
18521,A Room of One’s Own,Virginia Woolf,"Woolf, Virginia",,"=""""","=""""",4,4.22,Penguin Books,Paperback,112,2000,1929,2024/09/09,2020/10/07,,,read,,,,1,0
5148,A Separate Peace,John Knowles,"Knowles, John",David Levithan,"=""""","=""""",4,3.60,Scribner,Paperback,208,2003,1959,2021/02/09,2020/10/28,,,read,,,,1,0
23878688,The 5 Love Languages: The Secret to Love that Lasts,Gary Chapman,"Chapman, Gary",,"=""0802492401""","=""9780802492401""",2,4.27,Northfield Publishing,Kindle Edition,232,2024,1990,2021/02/22,2020/12/27,,,read,,,,1,0
771941,Delirio,Laura Restrepo,"Restrepo, Laura",,"=""9587041453""","=""9789587041453""",3,3.97,"Alfaguara, S.A. Grupo Santillana,",Mass Market Paperback,344,2004,2004,2024/05/03,2024/05/03,,,read,,,,1,0
10279729,"Överenskommelser (Slottet Wadenstierna, #1)",Simona Ahrnstedt,"Ahrnstedt, Simona",,"=""9186587609""","=""9789186587604""",4,3.90,Ponto Pocket,Paperback,384,2011,2010,,2020/10/11,,,read,,,,1,0
9717,The Unbearable Lightness of Being,Milan Kundera,"Kundera, Milan",Michael Henry Heim,"=""0571224385""","=""9780571224388""",4,4.11,Harper Perennial,Paperback,314,2009,1984,2021/01/16,2020/11/01,,,read,,,,1,0
27822,Eugene Onegin,Alexander Pushkin,"Pushkin, Alexander",James E. Falen,"=""""","=""""",3,4.10,Oxford University Press,Paperback,240,1998,1831,2024/06/26,2024/06/22,,,read,,,,1,0
19089,Middlemarch,George Eliot,"Eliot, George",Michel Faber,"=""0451529170""","=""9780451529176""",4,4.04,Signet,Mass Market Paperback,912,2003,1872,2021/03/25,2021/02/12,favorites,favorites (#5),read,,,,1,0
48328,Revolutionary Road,Richard Yates,"Yates, Richard",,"=""""","=""""",4,3.93,Methuen,Paperback,355,2001,1961,2021/09/15,2021/06/09,,,read,,,,1,0
12232938,The Lovely Bones,Alice Sebold,"Sebold, Alice",,"=""0316166685""","=""9780316166683""",4,3.86,"Little, Brown and Company",Mass Market Paperback,372,2006,2002,2021/03/23,2021/03/19,,,read,,,,1,0
4137,Me Talk Pretty One Day,David Sedaris,"Sedaris, David",,"=""0349113912""","=""9780349113913""",4,4.01,"Little, Brown and Company",Paperback,272,2001,2000,2021/03/02,2020/10/07,,,read,,,,1,0
101157,Sexual Personae: Art and Decadence from Nefertiti to Emily Dickinson (Yale Nota Bene),Camille Paglia,"Paglia, Camille",,"=""0300091273""","=""9780300091274""",0,3.99,Yale University Press,Paperback,736,2001,1990,,2025/02/19,currently-reading,currently-reading (#1),currently-reading,,,,1,0
16251320,Developing Ecological Consciousness: The End of Separation,Christopher Uhl,"Uhl, Christopher",,"=""1442218312""","=""9781442218314""",0,3.96,Rowman & Littlefield Publishers,Hardcover,288,2013,2013,,2025/11/04,to-read,to-read (#147),to-read,,,,0,0
7805,Pale Fire,Vladimir Nabokov,"Nabokov, Vladimir",,"=""""","=""""",5,4.17,Penguin Books Ltd,Paperback,246,2000,1962,2025/10/26,2025/07/01,,,read,,,,1,0
251356,Bad Behavior,Mary Gaitskill,"Gaitskill, Mary",,"=""""","=""""",4,3.87,Vintage Books USA,Paperback,208,1989,1988,2025/10/14,2025/09/28,,,read,,,,1,0
89724,We Have Always Lived in the Castle,Shirley Jackson,"Jackson, Shirley",Jonathan Lethem,"=""0143039970""","=""9780143039976""",4,3.91,Penguin Books,Paperback,152,2006,1962,2025/09/18,2025/08/10,,,read,,,,1,0
1541765,Se questo è un uomo,Primo Levi,"Levi, Primo",Cesare Segre,"=""8806176552""","=""9788806176556""",0,4.34,Einaudi,Paperback,209,2005,1947,,2020/10/31,,,read,,,,1,0
20613582,10:04,Ben Lerner,"Lerner, Ben",,"=""0865478104""","=""9780865478107""",4,3.77,"Farrar, Straus and Giroux",Hardcover,256,2014,2014,2025/08/23,2024/03/12,2025,2025 (#7),read,,,,1,0
58890783,Either/Or,Elif Batuman,"Batuman, Elif",,"=""0525557598""","=""9780525557593""",5,3.98,Penguin Press,Hardcover,368,2022,2022,2025/07/22,2025/06/28,,,read,,,,1,0
217159488,Brooke Shields Is Not Allowed to Get Old: Thoughts on Aging as a Woman,Brooke Shields,"Shields, Brooke",,"=""034944191X""","=""9780349441917""",0,3.68,Piatkus,Kindle Edition,250,2025,2025,,2025/07/16,to-read,to-read (#146),to-read,,,,0,0
22733729,"The Long Way to a Small, Angry Planet (Wayfarers, #1)",Becky Chambers,"Chambers, Becky",,"=""1500453307""","=""9781500453305""",0,4.17,CreateSpace Independent Publishing Platform ,Paperback,518,2014,2014,,2025/07/13,to-read,to-read (#145),to-read,,,,0,0
63032,2666,Roberto Bolaño,"Bolaño, Roberto",,"=""843396867X""","=""9788433968678""",0,4.22,Anagrama,Paperback,1128,2004,2004,,2025/07/10,to-read,to-read (#144),to-read,,,,0,0
18270145,The Chic Diet: The Dietary and Psychological Tactics of the Urban Elite,Kit Olsen,"Olsen, Kit",,"=""""","=""""",4,3.90,Wunderland Press,Kindle Edition,193,2013,2013,2025/07/01,2023/10/18,,,read,,,,1,0
30962053,The Idiot,Elif Batuman,"Batuman, Elif",,"=""1594205612""","=""9781594205613""",5,3.64,Penguin Press,Hardcover,423,2017,2017,2025/06/28,2024/06/23,,,read,,,,1,0
35201488,L'ordine del tempo,Carlo Rovelli,"Rovelli, Carlo",,"=""8845931927""","=""9788845931925""",4,4.13,Adelphi,Paperback,212,2017,2017,2025/06/16,2025/06/16,,,read,,,,1,0
615570,The Artist's Way: A Spiritual Path to Higher Creativity,Julia Cameron,"Cameron, Julia",,"=""1585421464""","=""9781585421466""",0,3.96,Jeremy P. Tarcher,Paperback,237,2002,2002,,2025/05/18,to-read,to-read (#143),to-read,,,,0,0
214151420,The House of My Mother: A Daughter's Quest for Freedom,Shari Franke,"Franke, Shari",,"=""1668065398""","=""9781668065396""",4,4.33,Gallery Books,Hardcover,320,2025,2025,2025/05/14,2025/01/10,,,read,,,,1,0
2601450,La coscienza di Zeno,Italo Svevo,"Svevo, Italo",,"=""8804492945""","=""9788804492948""",0,3.77,Mondadori,Paperback,413,1988,1923,2024/06/02,2020/11/24,,,read,,,,2,0
18693771,"The Body Keeps the Score: Brain, Mind, and Body in the Healing of Trauma",Bessel van der Kolk,"Kolk, Bessel van der",,"=""0670785938""","=""9780670785933""",4,4.36,Viking,Hardcover,464,2014,2014,2025/03/31,2024/02/25,,,read,,,,1,0
138505710,Doppelganger: A Trip into the Mirror World,Naomi Klein,"Klein, Naomi",,"=""0374610320""","=""9780374610326""",5,4.20,"Farrar, Straus and Giroux",Hardcover,416,2023,2023,2025/03/22,2024/09/07,2025,2025 (#2),read,,,,1,0
594209,Softcore,Tirdad Zolghadr,"Zolghadr, Tirdad",Tirdad Zolghadr,"=""1846590205""","=""9781846590207""",0,2.71,Telegram Books,Paperback,200,2007,2007,,2025/02/21,to-read,to-read (#142),to-read,,,,0,0
44767458,Dune (Dune #1),Frank Herbert,"Herbert, Frank",,"=""059309932X""","=""9780593099322""",0,4.29,Ace,Hardcover,658,2019,1965,,2025/02/10,to-read,to-read (#141),to-read,,,,0,0
60557026,The Capital Order: How Economists Invented Austerity and Paved the Way to Fascism,Clara E. Mattei,"Mattei, Clara E.",,"=""022681839X""","=""9780226818399""",0,4.32,University of Chicago Press,Hardcover,480,2022,2022,,2025/01/19,to-read,to-read (#140),to-read,,,,1,0
95972,Slightly Out of Focus: The Legendary Photojournalist's Illustrated Memoir of World War II (Modern Library War),Robert Capa,"Capa, Robert","Cornell Capa, Richard Whelan","=""0375753966""","=""9780375753961""",0,4.40,Modern Library,Paperback,272,2001,1947,,2025/02/06,to-read,to-read (#139),to-read,,,,0,0
25451264,"Death's End (Remembrance of Earth’s Past, #3)",Liu Cixin,"Cixin, Liu",Ken Liu,"=""0765377101""","=""9780765377104""",5,4.41,TOR,Hardcover,604,2016,2010,2025/02/01,2024/12/03,2025,2025 (#5),read,,,,1,0
63917478,David Lynch Keeps His Head,David Foster Wallace,"Wallace, David Foster",,"=""""","=""""",4,4.21,Premier,Unknown Binding,,1996,,2025/01/23,2025/01/23,,,read,,,,1,0
18931379,Getting Away from Already Being Pretty Much Away from It All: An Essay,David Foster Wallace,"Wallace, David Foster",,"=""""","=""""",5,4.31,"Little, Brown and Company",Kindle Edition,368,2012,,,2025/01/19,,,read,,,,1,0
60289895,On Keeping a Notebook,Joan Didion,"Didion, Joan",Jamie Hawkesworth,"=""""","=""""",0,4.41,,Unknown Binding,,,1966,,2025/01/16,to-read,to-read (#138),to-read,,,,0,0
61685989,Life in Five Senses: How Exploring the Senses Got Me Out of My Head and Into the World,Gretchen Rubin,"Rubin, Gretchen",,"=""0593442741""","=""9780593442746""",0,3.71,Crown,Hardcover,272,2023,2023,,2025/01/16,to-read,to-read (#137),to-read,,,,0,0
48765375,How to Resist Amazon and Why,Danny Caine,"Caine, Danny",,"=""""","=""""",4,4.29,Raven Book Store,zine,15,2019,2019,2025/01/16,2025/01/07,2025,2025 (#13),read,,,,1,0
23248292,Goodbye To All That,Joan Didion,"Didion, Joan",,"=""""","=""""",5,4.52,,Unknown Binding,,,,2025/01/13,2021/01/17,,,read,,,,1,0
6692041,Mornings in Jenin,Susan Abulhawa,"Abulhawa, Susan",,"=""1608190463""","=""9781608190461""",5,4.51,Bloomsbury Adult,Paperback,331,2010,2006,2025/01/11,2024/09/12,,,read,,,,1,0
732562,The Rime of the Ancient Mariner,Samuel Taylor Coleridge,"Coleridge, Samuel Taylor",Gustave Doré,"=""0486223051""","=""9780486223056""",0,3.97,Dover Publications,Paperback,77,1970,1798,,2024/04/22,"to-read, 2025","to-read (#118), 2025 (#12)",to-read,,,,0,0
424,Slouching Towards Bethlehem,Joan Didion,"Didion, Joan",,"=""""","=""""",0,4.18,Farrar Straus Giroux,Paperback,238,2008,1968,,2021/01/17,"to-read, 2025","to-read (#62), 2025 (#11)",to-read,,,,0,0
36687229,Hood Feminism: Notes from the Women That a Movement Forgot,Mikki Kendall,"Kendall, Mikki",,"=""""","=""""",0,4.36,Viking,Hardcover,267,2020,2020,,2023/11/19,"to-read, 2025","to-read (#112), 2025 (#9)",to-read,,,,0,0
12617,Manufacturing Consent: The Political Economy of the Mass Media,Edward S. Herman,"Herman, Edward S.",Noam Chomsky,"=""0375714499""","=""9780375714498""",0,4.24,Pantheon Books,Paperback,412,2002,1988,,2024/06/20,"to-read, 2025","to-read (#121), 2025 (#8)",to-read,,,,0,0
582067,Anti-Intellectualism in American Life,Richard Hofstadter,"Hofstadter, Richard",,"=""0394703170""","=""9780394703176""",0,4.11,Vintage,Paperback,434,1964,1963,,2024/09/05,"to-read, 2025","to-read (#129), 2025 (#6)",to-read,,,,0,0
18736925,Capital in the Twenty First Century,Thomas Piketty,"Piketty, Thomas",Arthur Goldhammer,"=""067443000X""","=""9780674430006""",0,4.06,Belknap Press: An Imprint of Harvard University Press,Hardcover,685,2014,2013,,2024/07/14,"to-read, 2025","to-read (#127), 2025 (#4)",to-read,,,,0,0
209208362,Autobiografia clitoridea,Teresa Cinque,"Cinque, Teresa",,"=""8830462446""","=""9788830462441""",0,4.10,Longanesi,Kindle Edition,290,2024,2024,,2024/12/31,"to-read, 2025","to-read (#136), 2025 (#3)",to-read,,,,0,0
35850901,Solenoide,Mircea Cărtărescu,"Cărtărescu, Mircea",Marian Ochoa de Eribe,"=""8416542996""","=""9788416542994""",0,4.25,Impedimenta,Hardcover,800,2017,2015,,2024/11/15,"to-read, 2025","to-read (#133), 2025 (#1)",to-read,,,,0,0
10644930,11/22/63,Stephen        King,"King, Stephen",,"=""1451627289""","=""9781451627282""",0,4.35,Scribner,Hardcover,849,2011,2011,,2024/12/25,to-read,to-read (#135),to-read,,,,0,0
163265,Intercourse,Andrea Dworkin,"Dworkin, Andrea",Ariel Levy,"=""0465017525""","=""9780465017522""",4,4.00,Basic Books,Paperback,349,2006,1987,2024/12/14,2024/12/03,,,read,,,,1,0
66562105,"The Dark Forest (The Three-Body Problem, #2)",Liu Cixin,"Cixin, Liu",Joel Martinsen,"=""1784971588""","=""""",3,4.40,Head of Zeus,Kindle Edition,513,2015,2008,2024/12/03,2024/11/16,,,read,,,,1,0
58784475,"Tomorrow, and Tomorrow, and Tomorrow",Gabrielle Zevin,"Zevin, Gabrielle",,"=""0735243344""","=""9780735243347""",0,4.12,Knopf,Hardcover,401,2022,2022,,2024/11/15,to-read,to-read (#134),to-read,,,,0,0
20518872,"The Three-Body Problem (Remembrance of Earth’s Past, #1)",Liu Cixin,"Cixin, Liu",Ken Liu,"=""""","=""""",5,4.08,Tor Books,Hardcover,472,2014,2006,2024/10/30,2024/10/28,,,read,,,,1,0
93251,The October Country,Ray Bradbury,"Bradbury, Ray",Joe Mugnaini,"=""0380973871""","=""9780380973873""",4,4.10,William Morrow,Hardcover,334,1999,1955,2024/10/20,2023/09/10,,,read,,,,1,0
5986375,"This Is Water: Some Thoughts, Delivered on a Significant Occasion, about Living a Compassionate Life",David Foster Wallace,"Wallace, David Foster",,"=""0316068225""","=""9780316068222""",0,4.47,"Little, Brown and Company",Hardcover,138,2009,2009,,2024/10/11,,,read,,,,1,0
6748,A Supposedly Fun Thing I'll Never Do Again:  Essays and Arguments,David Foster Wallace,"Wallace, David Foster",,"=""0316925284""","=""9780316925280""",5,4.13,Back Bay Books,Paperback,353,1998,1997,2024/10/11,2024/10/08,,,read,,,,1,0
8520610,Quiet: The Power of Introverts in a World That Can't Stop Talking,Susan Cain,"Cain, Susan",,"=""0307352145""","=""9780307352149""",0,4.08,Crown Publishers,Hardcover,333,2012,2012,,2024/10/10,to-read,to-read (#132),to-read,,,,0,0
12262741,Wild: From Lost to Found on the Pacific Crest Trail,Cheryl Strayed,"Strayed, Cheryl",,"=""0307592731""","=""9780307592736""",0,4.07,Knopf,Hardcover,336,2012,2012,,2024/10/10,to-read,to-read (#131),to-read,,,,0,0
4894,Who Moved My Cheese?,Spencer Johnson,"Johnson, Spencer",Kenneth H. Blanchard,"=""0091883768""","=""9780091883768""",1,3.87,Vermilion,Hardcover,98,2002,1999,2021/01/07,2020/11/02,,,read,,,,1,0
60162498,Niente di vero,Veronica Raimo,"Raimo, Veronica",,"=""8806251899""","=""9788806251895""",5,3.57,Einaudi,Hardcover,176,2022,2022,2024/09/23,2024/09/22,,,read,,,,1,0
44279110,My Year of Rest and Relaxation,Ottessa Moshfegh,"Moshfegh, Ottessa",,"=""0525522131""","=""9780525522133""",5,3.60,Penguin Books,Paperback,289,2019,2018,2023/04/13,2021/08/17,,,read,,,,1,0
50833,Valley of the Dolls,Jacqueline Susann,"Susann, Jacqueline",,"=""0739418378""","=""9780739418376""",5,3.86,Grove Press,,449,1997,1966,2024/04/07,2020/10/28,favorites,favorites (#11),read,,,,1,0
35099718,So You Want to Talk About Race,Ijeoma Oluo,"Oluo, Ijeoma",,"=""1580056776""","=""9781580056779""",5,4.48,Seal Press,Hardcover,248,2018,2018,2024/09/12,2021/04/23,,,read,,,,1,0
115776,The Diary of Lady Murasaki,Murasaki Shikibu,"Shikibu, Murasaki",Richard Bowring,"=""""","=""""",0,3.80,Penguin Classics,Paperback,90,2005,1010,,2024/09/09,to-read,to-read (#130),to-read,,,,0,0
39926,The Beauty Myth,Naomi Wolf,"Wolf, Naomi",,"=""0060512180""","=""9780060512187""",4,3.91,Harper Perennial,Paperback,368,2002,1990,2024/09/08,2024/06/16,,,read,,,,1,0
6185,Wuthering Heights,Emily Brontë,"Brontë, Emily","Richard J. Dunn, Charlotte Brontë, John Bugg, Robert Heindel","=""""","=""""",4,3.90,Norton,Paperback,464,2002,1847,2024/09/08,2020/08/16,,,read,,,,1,0
52090,Eichmann in Jerusalem: A Report on the Banality of Evil,Hannah Arendt,"Arendt, Hannah",,"=""""","=""""",4,4.20,Penguin Classics,Paperback,312,2006,1963,2024/08/31,2024/06/28,,,read,,,,1,0
167770288,Counting the Cost,Jill Duggar,"Duggar, Jill","Derick Dillard, Craig Borlase","=""""","=""""",0,4.00,Gallery Books,Kindle Edition,287,2023,2023,,2024/08/17,to-read,to-read (#128),to-read,,,,0,0
457264,The Second Sex,Simone de Beauvoir,"Beauvoir, Simone de","H.M. Parshley, Deirdre Bair","=""0679724516""","=""9780679724513""",5,4.18,Vintage,Paperback,746,1989,1949,2024/08/01,2020/10/28,,,read,,,,1,0
145621578,Towers of Ivory and Steel: How Israeli Universities Deny Palestinian Freedom,Maya Wind,"Wind, Maya",,"=""1804291757""","=""9781804291757""",5,4.68,Verso,Kindle Edition,405,2024,,2024/07/10,2024/06/15,,,read,,,,1,0
19288043,Gone Girl,Gillian Flynn,"Flynn, Gillian",,"=""0307588378""","=""9780307588371""",5,4.14,Ballantine Books,Paperback,415,2014,2012,2023/05/27,2020/11/24,favorites,favorites (#9),read,,,,1,0
52892857,The Color Purple,Alice Walker,"Walker, Alice",,"=""0143135694""","=""9780143135692""",5,4.28,Penguin Books,Paperback,287,2019,1982,2021/02/25,2020/10/22,favorites,favorites (#8),read,,,,1,0
6759,Infinite Jest,David Foster Wallace,"Wallace, David Foster",,"=""""","=""""",5,4.25,Back Bay Books,Paperback,1088,2005,1996,2021/05/19,2021/04/13,favorites,favorites (#7),read,,,,1,0
7815,The Year of Magical Thinking,Joan Didion,"Didion, Joan",,"=""1400078431""","=""9781400078431""",5,3.93,Vintage,Paperback,227,2007,2005,2020/11/27,2020/10/25,favorites,favorites (#6),read,,,,1,0
6514,The Bell Jar,Sylvia Plath,"Plath, Sylvia",,"=""0571268862""","=""9780571268863""",5,4.05,Harper Perennial Modern Classics,Paperback,294,2006,1963,2023/07/24,2020/10/07,favorites,favorites (#4),read,,,,1,0
218659,Everything That Rises Must Converge: Stories,Flannery O'Connor,"O'Connor, Flannery",Robert Fitzgerald,"=""""","=""""",5,4.22,"Farrar, Straus and Giroux",Paperback,269,1996,1965,2024/01/22,2020/11/23,favorites,favorites (#3),read,,,,1,0
7126,The Count of Monte Cristo,Alexandre Dumas,"Dumas, Alexandre",Robin Buss,"=""0140449264""","=""9780140449266""",5,4.32,Penguin Classics,Paperback,1276,2003,1846,2020/07/31,2020/08/16,favorites,favorites (#2),read,,,,1,0
17899948,Rebecca,Daphne du Maurier,"Maurier, Daphne du",,"=""0316323705""","=""9780316323703""",5,4.25,"Little, Brown and Company",Kindle Edition,449,2013,1938,2021/01/06,2020/10/25,favorites,favorites (#1),read,,,,1,0
433281,Racism without Racists: Color-Blind Racism and the Persistence of Racial Inequality in the United States,Eduardo Bonilla-Silva,"Bonilla-Silva, Eduardo",,"=""0742546861""","=""9780742546868""",0,4.26,Rowman & Littlefield Publishers,Paperback,288,2006,2003,,2024/06/30,to-read,to-read (#126),to-read,,,,0,0
127227,The Human Condition,Hannah Arendt,"Arendt, Hannah",Margaret Canovan,"=""0226025985""","=""9780226025988""",0,4.20,The University of Chicago Press,Paperback,349,1998,1958,,2024/06/28,to-read,to-read (#125),to-read,,,,0,0
157993,The Little Prince,Antoine de Saint-Exupéry,"Saint-Exupéry, Antoine de",Richard Howard,"=""0152023984""","=""9780152023980""",4,4.33,"Harcourt, Inc.",Hardcover,96,2000,1943,,2020/08/16,,,read,,,,1,0
11021493,Odio gli indifferenti,Antonio Gramsci,"Gramsci, Antonio",,"=""8861901743""","=""9788861901742""",4,4.08,Chiarelettere,Paperback,127,2011,2007,2024/06/27,2024/06/03,,,read,,,,1,0
29363252,"Conflict Is Not Abuse: Overstating Harm, Community Responsibility, and the Duty of Repair",Sarah Schulman,"Schulman, Sarah",,"=""1551526433""","=""9781551526430""",0,3.84,Arsenal Pulp Press,Paperback,299,2016,2016,,2024/06/23,to-read,to-read (#124),to-read,,,,0,0
38340,Syntactic Structures,Noam Chomsky,"Chomsky, Noam",David W. Lightfoot,"=""3110172798""","=""9783110172799""",0,3.84,Walter de Gruyter,Paperback,135,2002,1957,,2024/06/23,to-read,to-read (#123),to-read,,,,0,0
404273,Blackshirts and Reds: Rational Fascism and the Overthrow of Communism,Michael Parenti,"Parenti, Michael",,"=""0872863298""","=""9780872863293""",0,4.39,City Lights Books,Paperback,166,1997,1997,,2024/06/20,to-read,to-read (#122),to-read,,,,0,0
209613786,A te vicino così dolce,Serena Bortone,"Bortone, Serena",,"=""8831814583""","=""9788831814584""",0,3.50,Rizzoli,Kindle Edition,288,2024,,,2024/06/15,to-read,to-read (#120),to-read,,,,0,0
30474,The Communist Manifesto,Karl Marx,"Marx, Karl","Friedrich Engels, Samuel Moore, Gareth Stedman Jones","=""0140447571""","=""9780140447576""",0,3.68,Penguin Books,Paperback,288,2002,1848,2024/06/14,2024/06/14,,,read,,,,1,0
209333,Woman Hating,Andrea Dworkin,"Dworkin, Andrea",,"=""0452268273""","=""9780452268272""",0,3.85,Plume,Paperback,224,1991,1974,,2024/06/02,to-read,to-read (#119),to-read,,,,0,0
22738563,We Should All Be Feminists,Chimamanda Ngozi Adichie,"Adichie, Chimamanda Ngozi",,"=""""","=""""",0,4.39,Vintage,Kindle Edition,52,2014,2012,2024/06/02,2023/11/19,,,read,,,,1,0
41057294,Normal People,Sally Rooney,"Rooney, Sally",,"=""1984822179""","=""9781984822178""",5,3.81,Crown,Hardcover,273,2019,2018,2024/05/30,2023/04/27,,,read,,,,1,0
71608,Se una notte d'inverno un viaggiatore,Italo Calvino,"Calvino, Italo",,"=""8804482001""","=""9788804482000""",5,4.02,Mondadori,Paperback,264,2000,1979,2024/03/22,2024/03/04,,,read,,,,1,0
1431,Veronika Decides to Die,Paulo Coelho,"Coelho, Paulo",Margaret Jull Costa,"=""""","=""""",0,3.74,Harper Perennial,Paperback,285,2006,1998,,2024/03/10,to-read,to-read (#117),to-read,,,,0,0
216363,The Man in the High Castle,Philip K. Dick,"Dick, Philip K.",,"=""0679740678""","=""9780679740674""",0,3.59,Vintage,Paperback,259,1992,1962,,2024/03/06,to-read,to-read (#116),to-read,,,,0,0
99944,The Bhagavad Gita,Krishna-Dwaipayana Vyasa,"Vyasa, Krishna-Dwaipayana","Juan Mascaró, Simon Brodbeck","=""0140449183""","=""9780140449181""",0,4.19,Penguin,Paperback,160,2003,-400,2024/03/03,2021/04/19,,,read,,,,1,0
428,Play It As It Lays,Joan Didion,"Didion, Joan",,"=""0374529949""","=""9780374529949""",4,3.90,"Farrar, Straus and Giroux",Paperback,231,2005,1970,2021/02/14,2021/01/23,,,read,,,,2,0
32187419,Conversations with Friends,Sally Rooney,"Rooney, Sally",,"=""0451499077""","=""9780451499073""",5,3.74,Hogarth,Kindle Edition,304,2017,2017,2024/02/05,2024/02/01,,,read,,,,1,0
46041465,Everything I Know About Love,Dolly Alderton,"Alderton, Dolly",,"=""0062968785""","=""9780062968784""",5,3.94,Harper,Hardcover,368,2020,2018,2024/02/01,2024/01/10,,,read,,,,1,0
58989873,Happy-Go-Lucky,David Sedaris,"Sedaris, David",,"=""0316392456""","=""9780316392457""",3,4.16,"Little, Brown and Company",Hardcover,272,2022,2022,2024/01/29,2024/01/29,,,read,,,,1,0
52826760,Themes and Variations,David Sedaris,"Sedaris, David",,"=""1542023076""","=""9781542023078""",0,4.21,Amazon Publishing,Kindle Edition,19,2020,2020,,2024/01/27,,,read,,,,1,0
42086151,Everything You Ever Wanted,Luiza Sauma,"Sauma, Luiza",,"=""0241363551""","=""9780241363553""",0,3.62,Viking,Paperback,272,2019,2019,,2024/01/25,to-read,to-read (#115),to-read,,,,0,0
6114988,Jesus on Death Row: The Trial of Jesus and American Capital Punishment,Mark Osler,"Osler, Mark",,"=""0687647568""","=""9780687647569""",0,3.80,Abingdon Press,Hardcover,157,2009,2009,,2024/01/25,to-read,to-read (#114),to-read,,,,0,0
44421460,"Before the Coffee Gets Cold (Before the Coffee Gets Cold, #1)",Toshikazu Kawaguchi,"Kawaguchi, Toshikazu",Geoffrey Trousselot,"=""1529029589""","=""9781529029581""",5,3.66,Picador,Paperback,293,2019,2015,2024/01/15,2021/01/31,,,read,,,,1,0
6708,The Power of Now: A Guide to Spiritual Enlightenment,Eckhart Tolle,"Tolle, Eckhart",,"=""""","=""""",3,4.15,New World Library,Paperback,229,2004,1997,2024/01/10,2024/01/09,,,read,,,,1,0
40605223,I'm Thinking of Ending Things,Iain Reid,"Reid, Iain",,"=""""","=""""",4,3.51,Gallery/Scout Press,Kindle Edition,241,2016,2016,2024/01/08,2024/01/08,,,read,,,,1,0
112480,Il visconte dimezzato,Italo Calvino,"Calvino, Italo",,"=""8804370874""","=""9788804370871""",4,3.82,Mondadori,Paperback,143,1993,1952,2024/01/08,2023/12/18,,,read,,,,1,0
48855,The Diary of a Young Girl,Anne Frank,"Frank, Anne","Eleanor Roosevelt, Susan Massotty, Γιάννης Θωμόπουλος, Barbara Mooyaart-Doubleday, Otto H. Frank, Mirjam Pressler","=""""","=""""",0,4.20,Bantam,Mass Market Paperback,283,1993,1947,,2020/08/16,,,read,,,,1,0
421,The White Album,Joan Didion,"Didion, Joan",,"=""0374532079""","=""9780374532079""",4,4.03,FSG Adult,Paperback,224,2009,1979,2023/08/04,2021/01/17,,,read,,,,2,0
68783,"Girl, Interrupted",Susanna Kaysen,"Kaysen, Susanna",,"=""0679746048""","=""9780679746041""",5,3.94,Vintage ,Paperback,169,1994,1993,2023/12/01,2020/10/07,,,read,,,,1,0
43194033,The Magic of Handwriting. The Pedro Corrêa do Lago Collection,Christine Nelson,"Nelson, Christine","The Morgan Library & Museum, Pedro Corrêa do Lago, Julius Wiedemann","=""3836574381""","=""9783836574389""",0,4.50,TASCHEN,Paperback,464,2018,,,2023/11/26,to-read,to-read (#113),to-read,,,,0,0
23995384,The Only Woman in the Room: Why Science Is Still a Boys' Club,Eileen Pollack,"Pollack, Eileen",,"=""0807046574""","=""9780807046579""",0,3.66,Beacon Press,Hardcover,266,2015,2015,,2023/11/19,to-read,to-read (#111),to-read,,,,0,0
41104077,Invisible Women: Data Bias in a World Designed for Men,Caroline Criado Pérez,"Pérez, Caroline Criado",,"=""1419729071""","=""9781419729072""",0,4.34,Abrams Press,Hardcover,448,2019,2019,,2023/11/19,to-read,to-read (#110),to-read,,,,0,0
17573685,The Feminine Mystique,Betty Friedan,"Friedan, Betty","Gail Collins, Anna Quindlen","=""0393346781""","=""9780393346787""",0,3.87,W. W. Norton & Company,Paperback,562,2013,1963,,2023/11/19,to-read,to-read (#109),to-read,,,,0,0
79766,"A Pattern Language: Towns, Buildings, Construction (Center for Environmental Structure Series)",Christopher W. Alexander,"Alexander, Christopher W.","Sara Ishikawa, Murray Silverstein, Max  Jacobson, Ingrid Fiksdahl-King, Shlomo Angel","=""0195019199""","=""9780195019193""",4,4.42,Oxford University Press,Hardcover,1171,1977,1977,2023/11/01,2021/03/17,,,read,,,,1,0
18490,Frankenstein,Mary Wollstonecraft Shelley,"Shelley, Mary Wollstonecraft",,"=""""","=""""",3,3.90,Penguin,Paperback,288,2003,1818,2023/10/29,2020/10/28,,,read,,,,1,0
139964,Apartment Therapy: The Eight-Step Home Cure,Maxwell Gillingham-Ryan,"Gillingham-Ryan, Maxwell",,"=""0553383124""","=""9780553383126""",0,3.78,Random House Publishing Group,Paperback,288,2006,2006,,2023/09/17,to-read,to-read (#108),to-read,,,,0,0
24583,The Adventures of Tom Sawyer,Mark Twain,"Twain, Mark","Guy Cardwell, John Seelye, Mark Hallaq, Amanda Lee","=""""","=""9780143039563""",0,3.92,Penguin Classics,Paperback,244,2006,1876,,2020/10/31,,,read,,,,0,0
44581863,Taccuino di un allegro ubriacone,Charles Bukowski,"Bukowski, Charles",Simona Viciani,"=""8823522625""","=""9788823522626""",0,3.79,Ugo Guanda editore,Paperback,319,2019,2018,,2020/11/16,,,read,,,,0,0
40139355,"In the Dark (DI Adam Fawley, #2)",Cara Hunter,"Hunter, Cara",,"=""0143131060""","=""9780143131069""",0,4.19,Penguin Publishing Group,Paperback,384,2019,2018,,2021/02/25,,,read,,,,0,0
7604,Lolita,Vladimir Nabokov,"Nabokov, Vladimir",Craig Raine,"=""""","=""""",2,3.87,Penguin,Paperback,368,1995,1955,,2020/10/30,,,read,,,,1,0
5297,The Picture of Dorian Gray,Oscar Wilde,"Wilde, Oscar",Jeffrey Eugenides,"=""""","=""""",2,4.13,Random House: Modern Library,Paperback,272,2004,1890,,2020/10/30,,,read,,,,1,0
14743,The God Delusion,Richard Dawkins,"Dawkins, Richard",,"=""0618680004""","=""9780618680009""",0,3.90,Houghton Mifflin Co.,Hardcover,374,2006,2006,,2021/01/26,,,read,,,,0,0
3,"Harry Potter and the Sorcerer's Stone (Harry Potter, #1)",J.K. Rowling,"Rowling, J.K.",,"=""0439554934""","=""9780439554930""",2,4.47,Scholastic Inc,Hardcover,309,2003,1997,,2020/10/30,,,read,,,,1,0
18658106,En un rincón del alma,Antonia J. Corrales,"Corrales, Antonia J.",,"=""8490190070""","=""9788490190074""",0,3.68,B DE BOOKS,Kindle Edition,120,2015,2010,,2021/05/19,,,read,,,,0,0
3686,Truth & Beauty,Ann Patchett,"Patchett, Ann",,"=""0060572159""","=""9780060572150""",0,3.97,Harper Perennial,Paperback,257,2005,2004,,2020/10/28,,,read,,,,0,0
4929,Kafka on the Shore,Haruki Murakami,"Murakami, Haruki",Philip Gabriel,"=""""","=""""",3,4.12,Vintage International,Paperback,467,2006,2002,2023/09/12,2023/09/11,,,read,,,,1,0
52878453,Death in Her Hands,Ottessa Moshfegh,"Moshfegh, Ottessa",,"=""1984879359""","=""9781984879356""",4,3.23,Penguin Press,Hardcover,259,2020,2020,2023/09/03,2023/09/01,,,read,,,,1,0
43554866,Violet Bent Backwards Over the Grass,Lana Del Rey,"Rey, Lana Del",,"=""""","=""""",5,3.99,Simon & Schuster Audio,Audible Audio,1,2020,2020,2023/09/01,2023/08/15,,,read,,,,1,0
29044,The Secret History,Donna Tartt,"Tartt, Donna",,"=""1400031702""","=""9781400031702""",4,4.16,Vintage Books,Paperback,559,2004,1992,2023/08/31,2023/08/31,,,read,,,,1,0
49552,The Stranger,Albert Camus,"Camus, Albert",Matthew  Ward,"=""""","=""""",4,4.03,Vintage International,Paperback,123,1989,1942,2023/08/26,2020/12/18,,,read,,,,1,0
8043651,Moonlight Shadow,Banana Yoshimoto,"Yoshimoto, Banana",Giorgio Amitrano,"=""8858851056""","=""9788858851050""",4,4.07,Feltrinelli,Kindle Edition,48,2012,2012,2023/08/04,2023/08/04,,,read,,,,1,0
50144,Kitchen,Banana Yoshimoto,"Yoshimoto, Banana","Megan Backus, Noguchi Rika","=""0802142443""","=""9780802142443""",5,3.90,Grove Press,Paperback,160,2006,1988,2023/08/04,2023/08/04,,,read,,,,1,0
2493,The Time Machine,H.G. Wells,"Wells, H.G.","Greg Bear, Carlo Pagetti","=""""","=""""",4,3.89,Signet Classics,Paperback,118,2002,1895,2023/07/14,2020/11/23,,,read,,,,1,0
17470674,Fahrenheit 451,Ray Bradbury,"Bradbury, Ray",,"=""0007491565""","=""9780007491568""",0,3.97,Harper Voyager,Hardcover,227,2013,1953,,2020/10/07,,,read,,,,1,0
40740914,If Cats Disappeared from the World,Genki Kawamura,"Kawamura, Genki",Eric Selland,"=""1509889175""","=""9781509889174""",3,3.79,Picador,Paperback,202,2018,2012,2023/05/25,2023/04/27,,,read,,,,1,0
40121378,Atomic Habits: An Easy & Proven Way to Build Good Habits & Break Bad Ones,James Clear,"Clear, James",,"=""""","=""""",4,4.32,Avery,Kindle Edition,319,2018,2018,2023/04/23,2023/04/13,,,read,,,,1,0
24658289,A Mathematician's Lament,Paul  Lockhart,"Lockhart, Paul",,"=""""","=""""",4,4.21,,,25,,2009,2021/06/20,2021/06/17,,,read,,,,1,0
63262576,Scheletro femmina,Francesco Cicconetti,"Cicconetti, Francesco",,"=""883572208X""","=""9788835722083""",4,4.18,Mondadori,Kindle Edition,336,2022,2022,2023/01/28,2023/02/13,,,read,,,,1,0
18619684,The Time Traveler's Wife,Audrey Niffenegger,"Niffenegger, Audrey",,"=""1939126010""","=""9781939126016""",3,4.00,Zola Books,ebook,537,2013,2003,2023/02/13,2020/08/16,,,read,,,,1,0
6969,Emma,Jane Austen,"Austen, Jane",Fiona Stafford,"=""0141439580""","=""9780141439587""",3,4.05,Penguin Books,Paperback,474,2003,1815,2022/11/07,2020/08/16,,,read,,,,2,0
2165,The Old Man and the Sea,Ernest Hemingway,"Hemingway, Ernest",,"=""0684830493""","=""9780684830490""",3,3.81,Scribner,Hardcover,96,1996,1952,,2020/08/16,,,read,,,,2,0
4953,A Heartbreaking Work of Staggering Genius,Dave Eggers,"Eggers, Dave",,"=""0375725784""","=""9780375725784""",4,3.69,Vintage,Paperback,530,2001,2000,2021/07/18,2020/10/28,,,read,,,,1,0
386162,"The Hitchhiker’s Guide to the Galaxy (The Hitchhiker's Guide to the Galaxy, #1)",Douglas Adams,"Adams, Douglas",,"=""""","=""""",0,4.22,Del Rey,Paperback,193,2007,1979,,2020/10/30,,,read,,,,1,0
22822858,A Little Life,Hanya Yanagihara,"Yanagihara, Hanya",,"=""0385539258""","=""9780385539258""",5,4.28,Doubleday,Hardcover,720,2015,2015,,2021/01/24,,,read,,,,1,0
3919273,Il fu Mattia Pascal,Luigi Pirandello,"Pirandello, Luigi",,"=""8804307668""","=""9788804307662""",0,4.00,Mondadori,Paperback,240,1988,1904,,2020/10/25,,,read,,,,1,0
17690,The Trial,Franz Kafka,"Kafka, Franz","Max Brod, Willa Muir, Edwin Muir","=""""","=""""",3,3.94,Vintage,Paperback,255,2001,1925,2021/12/07,2021/12/07,,,read,,,,1,0
208651,Oceano mare,Alessandro Baricco,"Baricco, Alessandro",,"=""""","=""""",5,4.09,Biblioteca Universale Rizzoli,Paperback,234,1997,1993,2015/01/01,2021/11/26,,,read,,,,2,0
10956,The Virgin Suicides,Jeffrey Eugenides,"Eugenides, Jeffrey",,"=""0747560595""","=""9780747560593""",3,3.78,Bloomsbury Paperbacks,Paperback,250,2002,1993,,2020/10/25,,,read,,,,1,0
17333223,The Goldfinch,Donna Tartt,"Tartt, Donna",,"=""0316055433""","=""9780316055437""",0,3.96,"Little, Brown",Hardcover,771,2013,2013,,2021/08/17,to-read,to-read (#107),to-read,,,,0,0
56262771,Ladyparts,Deborah Copaken,"Copaken, Deborah",,"=""1984855476""","=""9781984855473""",0,4.09,Random House,Hardcover,460,2021,2021,,2021/08/17,to-read,to-read (#106),to-read,,,,0,0
6324090,"Alice's Adventures in Wonderland (Alice's Adventures in Wonderland, #1)",Lewis Carroll,"Carroll, Lewis","T.H. Robinson, Charles Pears","=""""","=""""",5,3.99,Public Domain Books,Kindle Edition,96,1997,1865,,2021/08/12,,,read,,,,1,0
433567,Flatland: A Romance of Many Dimensions,Edwin A. Abbott,"Abbott, Edwin A.",,"=""048627263X""","=""9780486272634""",4,3.81,"Dover Publications, Inc.",Paperback,96,1992,1884,2021/08/11,2021/08/11,,,read,,,,1,0
256566,Everything is Illuminated,Jonathan Safran Foer,"Foer, Jonathan Safran",,"=""0060529709""","=""9780060529703""",4,3.89,Harper Perennial,Paperback,276,2003,2002,2021/08/08,2020/10/25,,,read,,,,1,0
21413662,What If?: Serious Scientific Answers to Absurd Hypothetical Questions,Randall Munroe,"Munroe, Randall",,"=""0544272994""","=""9780544272996""",5,4.14,Dey Street Books,Hardcover,303,2014,2014,,2021/03/02,,,read,,,,1,0
45015706,You're Not Listening: What You're Missing and Why It Matters,Kate   Murphy,"Murphy, Kate",,"=""""","=""""",3,4.07,Vintage Digital,ebook,284,2020,2020,2021/01/01,2021/02/05,,,read,,,,1,0
24830,The Illustrated Man,Ray Bradbury,"Bradbury, Ray",,"=""000712774X""","=""9780007127740""",4,4.13,Voyager Classics / Harper Collins,Paperback,186,2002,1951,2021/07/27,2020/11/24,,,read,,,,1,0
17716,Waiting for Godot,Samuel Beckett,"Beckett, Samuel",,"=""""","=""""",3,3.84,Grove,Paperback,109,2011,1951,2021/07/20,2021/07/19,,,read,,,,1,0
11078806,Sei personaggi in cerca d'autore,Luigi Pirandello,"Pirandello, Luigi","Italo Borzi, Maria Argenziano","=""8879830015""","=""9788879830010""",4,3.83,Newton & Compton,Paperback,100,1993,1921,2021/06/22,2021/06/22,,,read,,,,1,0
3685,Black Beauty,Anna Sewell,"Sewell, Anna",Gail Carson Levine,"=""0439228905""","=""9780439228909""",3,4.00,Scholastic Paperbacks,Mass Market Paperback,245,2003,1877,2021/06/20,2020/12/09,,,read,,,,1,0
4785445,In Watermelon Sugar,Richard Brautigan,"Brautigan, Richard",,"=""1131523725""","=""""",4,3.78,San Francisco: Four Seasons Foundation,paperback,138,1968,1968,2021/06/14,2020/11/05,,,read,,,,2,0
10534,The Art of War,Sun Tzu,"Tzu, Sun",Thomas Cleary,"=""""","=""""",3,3.95,Harper Press,Paperback,170,2005,-500,2021/06/08,2021/03/09,,,read,,,,1,0
37735,Deenie,Judy Blume,"Blume, Judy",,"=""0689866100""","=""9780689866104""",4,3.79,Atheneum/Richard Jackson Books,Hardcover,159,1993,1973,2021/06/08,2020/10/25,,,read,,,,1,0
21290016,The Power of Principles: Physics Revealed - A conversation with Nima Arkani-Hamed,Nima Arkani-Hamed,"Arkani-Hamed, Nima",,"=""""","=""""",4,4.33,Ideas Roadhshow,Kindle Edition,53,2013,2013,2021/06/06,2021/01/01,,,read,,,,1,0
9375,Fried Green Tomatoes at the Whistle Stop Cafe,Fannie Flagg,"Flagg, Fannie",,"=""0375508414""","=""9780375508417""",0,4.28,Random House,Hardcover,416,2002,1987,,2021/06/04,to-read,to-read (#105),to-read,,,,0,0
534255,Autobiography of a Face,Lucy Grealy,"Grealy, Lucy",Ann Patchett,"=""0060569662""","=""9780060569662""",4,3.97,Harper Perennial,Paperback,236,2003,1994,2021/05/27,2020/10/28,,,read,,,,1,0
57796880,Forza Finanziaria: Come Diventare Una Donna Forte Imparando A Gestire I Tuoi Soldi Attraverso La Tua Consapevolezza Economica (Italian Edition),Antonella Pasetto,"Pasetto, Antonella",,"=""""","=""""",5,4.33,Bruno Editore,Kindle Edition,111,2021,,,2021/05/26,,,read,,,,1,0
38447,"The Handmaid’s Tale (The Handmaid's Tale, #1)",Margaret Atwood,"Atwood, Margaret",,"=""038549081X""","=""9780385490818""",4,4.15,Anchor Books,Paperback,311,1998,1985,2021/05/26,2021/03/09,,,read,,,,1,0
16200,Ella Minnow Pea: A Novel in Letters,Mark Dunn,"Dunn, Mark",,"=""0385722435""","=""9780385722438""",0,3.94,Vintage,Paperback,208,2002,2001,,2021/05/22,to-read,to-read (#104),to-read,,,,0,0
149267,The Stand,Stephen        King,"King, Stephen",Bernie Wrightson,"=""""","=""""",0,4.35,Doubleday Books,Hardcover,1152,1990,1978,,2021/04/26,to-read,to-read (#103),to-read,,,,0,0
49628,Cloud Atlas,David  Mitchell,"Mitchell, David",,"=""0375507256""","=""9780375507250""",0,4.01,Random House,Paperback,509,2004,2004,,2021/04/15,to-read,to-read (#102),to-read,,,,0,0
63697,The Man Who Mistook His Wife for a Hat and Other Clinical Tales,Oliver Sacks,"Sacks, Oliver",,"=""""","=""""",5,4.05,Touchstone,Paperback,243,1998,1985,2021/04/06,2021/02/09,,,read,,,,1,0
1772910,White Nights,Fyodor Dostoevsky,"Dostoevsky, Fyodor","Olga Shartse, Fyodor Dostoyevsky","=""""","=""""",5,4.08,,Paperback,82,1848,1848,,2021/03/22,,,read,,,,1,0
29707601,"The Best of the Happiness Project Blog: Ten Years of Happiness, Good Habits, and More",Gretchen Rubin,"Rubin, Gretchen",,"=""""","=""""",5,3.96,,Kindle Edition,118,2016,,,2021/03/21,,,read,,,,1,0
45892276,You're Not Listening: What You're Missing and Why It Matters,Kate   Murphy,"Murphy, Kate",,"=""1250297192""","=""9781250297198""",3,4.07,Celadon Books,Hardcover,278,2020,2020,2021/03/19,2021/03/14,,,read,,,,1,0
9640,A Collection of Essays,George Orwell,"Orwell, George",,"=""0156186004""","=""9780156186001""",0,4.30,Mariner Books,Paperback,316,1981,1941,,2021/03/17,to-read,to-read (#101),to-read,,,,0,0
48466,The Habit of Being: Letters of Flannery O'Connor,Flannery O'Connor,"O'Connor, Flannery",Sally Fitzgerald,"=""0374521042""","=""9780374521042""",0,4.47,"Farrar, Straus and Giroux",Paperback,640,1988,1979,,2021/03/17,to-read,to-read (#100),to-read,,,,0,0
170448,Animal Farm,George Orwell,"Orwell, George","Russell Baker, C.M. Woodhouse","=""0451526341""","=""9780451526342""",5,4.01,Signet Classics,Mass Market Paperback,141,1996,1945,2021/03/13,2020/10/30,,,read,,,,1,0
137791,Divine Secrets of the Ya-Ya Sisterhood,Rebecca Wells,"Wells, Rebecca",,"=""006075995X""","=""9780060759957""",5,3.86,Harper Perennial,Paperback,383,2004,1996,2021/01/30,2020/10/25,,,read,,,,1,0
16527,Daughter of Fortune,Isabel Allende,"Allende, Isabel",,"=""0061120251""","=""9780061120251""",0,3.94,Harper Perennial,Paperback,432,2006,1998,,2020/10/28,to-read,to-read (#34),to-read,,,,0,0
9328,The House of the Spirits,Isabel Allende,"Allende, Isabel",Magda Bogin,"=""0553383809""","=""9780553383805""",0,4.29,Dial Press Trade Paperback,Paperback,448,2005,1982,,2020/10/07,to-read,to-read (#16),to-read,,,,0,0
769888,The Gateless Gate: The Classic Book of Zen Koans,Wumen Huikai,"Huikai, Wumen","Kōun Yamada, Ruben L.F. Habito","=""0861713826""","=""9780861713820""",3,4.23,Wisdom Publications,Paperback,336,2004,1228,2021/03/05,2021/02/12,,,read,,,,1,0
17903418,L'arte funzionale: Infografica e visualizzazione delle informazioni,Alberto Cairo,"Cairo, Alberto",Maria Chiara Piccolo,"=""8871929896""","=""9788871929897""",3,4.19,Pearson,Paperback,363,2013,2011,,2021/02/15,,,read,,,,1,0
6493208,The Immortal Life of Henrietta Lacks,Rebecca Skloot,"Skloot, Rebecca",,"=""1400052173""","=""9781400052172""",0,4.13,Crown Publishing Group,Hardcover,370,2010,2010,,2021/03/09,to-read,to-read (#99),to-read,,,,0,0
12296,The Scarlet Letter,Nathaniel Hawthorne,"Hawthorne, Nathaniel","Nina Baym, Thomas E. Connolly","=""0142437263""","=""9780142437261""",0,3.44,Penguin Books,Paperback,279,2002,1850,,2020/08/16,to-read,to-read (#2),to-read,,,,0,0
10210,Jane Eyre,Charlotte Brontë,"Brontë, Charlotte",Michael Mason,"=""0142437204""","=""9780142437209""",0,4.16,Penguin,Paperback,532,2003,1847,,2020/08/16,to-read,to-read (#1),to-read,,,,0,0
28862,The Prince,Niccolò Machiavelli,"Machiavelli, Niccolò","Rufus Goodwin, Benjamin Martinez, W.K. Marriott, Denis Daly, Μαρία Κασωτάκη","=""0937832383""","=""9780937832387""",0,3.84,Dante University Press,Paperback,144,2014,1513,,2021/01/26,to-read,to-read (#76),to-read,,,,0,0
4138,Naked,David Sedaris,"Sedaris, David",,"=""""","=""""",0,4.10,Back Bay Books,Paperback,304,1998,1997,,2021/03/02,to-read,to-read (#98),to-read,,,,0,0
10176,Dress Your Family in Corduroy and Denim,David Sedaris,"Sedaris, David",,"=""0965904830""","=""9780965904834""",0,4.12,"Little, Brown & Co.",Paperback,257,2004,2004,,2021/03/02,to-read,to-read (#97),to-read,,,,0,0
1127067,Personality: What Makes You the Way You Are,Daniel Nettle,"Nettle, Daniel",,"=""0199211426""","=""9780199211425""",0,3.93,Oxford University Press,Hardcover,304,2007,2007,,2021/02/28,to-read,to-read (#96),to-read,,,,0,0
8727466,Why We Get Fat: And What to Do About It,Gary Taubes,"Taubes, Gary",,"=""""","=""""",4,4.03,Knopf,Hardcover,272,2010,2010,2021/02/28,2021/01/25,,,read,,,,1,0
60935,Possessing the Secret of Joy,Alice Walker,"Walker, Alice",,"=""0671789457""","=""9780671789459""",0,4.09,Washington Square Press,Paperback,304,1997,1992,,2021/02/25,to-read,to-read (#95),to-read,,,,0,0
325464,String Too Short to Be Saved: Recollections of Summers on a New England Farm,Donald Hall,"Hall, Donald",Mimi Korach,"=""087923282X""","=""9780879232825""",0,4.24,David R Godine Pub,Paperback,155,1999,1980,,2021/02/25,to-read,to-read (#94),to-read,,,,0,0
22889767,Better Than Before: Mastering the Habits of Our Everyday Lives,Gretchen Rubin,"Rubin, Gretchen",,"=""0385348614""","=""9780385348614""",4,3.82,Crown,Hardcover,298,2015,2015,2021/02/25,2021/01/03,,,read,,,,1,0
75090,A Good Man Is Hard To Find (Casebook),Flannery O'Connor,"O'Connor, Flannery",Frederick Asals,"=""0813519772""","=""9780813519777""",0,3.89,Rutgers Univ Pr,Paperback,180,1993,1949,,2021/02/23,to-read,to-read (#93),to-read,,,,0,0
11337189,A Universe from Nothing: Why There Is Something Rather Than Nothing,Lawrence M. Krauss,"Krauss, Lawrence M.",Richard Dawkins,"=""145162445X""","=""9781451624458""",0,3.94,Atria Books,Hardcover,204,2012,2012,,2021/02/22,to-read,to-read (#92),to-read,,,,0,0
679395,Statistics And Truth: Putting Chance To Work (2Nd Edition),C. Radhakrishna Rao,"Rao, C. Radhakrishna",,"=""9810231113""","=""9789810231118""",0,4.29,Wspc,Paperback,210,1997,1989,,2021/02/21,"to-read, statistics","to-read (#91), statistics (#5)",to-read,,,,0,0
106350,The Lady Tasting Tea: How Statistics Revolutionized Science in the Twentieth Century,David Salsburg,"Salsburg, David",,"=""0805071342""","=""9780805071344""",4,3.92,Holt Paperbacks,Paperback,352,2002,2001,,2021/01/26,statistics,statistics (#2),read,,,,2,0
37435,The Secret Life of Bees,Sue Monk Kidd,"Kidd, Sue Monk",,"=""0142001740""","=""9780142001745""",0,4.10,Penguin Books,Paperback,352,2003,2001,,2020/10/25,to-read,to-read (#90),to-read,,,,0,0
6398634,The Happiness Project,Gretchen Rubin,"Rubin, Gretchen",,"=""0061583251""","=""9780061583254""",5,3.65,Harper,Hardcover,301,2009,2009,2021/02/12,2021/01/03,,,read,,,,1,0
146429,Dreamtigers,Jorge Luis Borges,"Borges, Jorge Luis","Antonio Frasconi, Mildred Boyer, Harold Morland, Miguel Engui­danos","=""0292715498""","=""9780292715493""",0,4.16,University of Texas Press,Paperback,96,1964,1960,,2021/02/08,to-read,to-read (#89),to-read,,,,0,0
29780253,Born a Crime: Stories From a South African Childhood,Trevor Noah,"Noah, Trevor",,"=""0385689225""","=""9780385689229""",0,4.49,Doubleday Canada,Hardcover,289,2016,2016,,2021/02/05,to-read,to-read (#88),to-read,,,,0,0
958668,The Corner That Held Them,Sylvia Townsend Warner,"Warner, Sylvia Townsend",,"=""086068878X""","=""9780860688785""",0,3.93,Virago,Paperback,310,2008,1948,,2021/02/05,to-read,to-read (#87),to-read,,,,0,0
549384,"The Intellectual Life: Its Spirit, Conditions, Methods",Antonin Sertillanges,"Sertillanges, Antonin",,"=""0813206464""","=""9780813206462""",3,4.41,The Catholic University of America Press,Paperback,264,1992,1921,2021/02/04,2020/11/07,,,read,,,,1,0
730139,Gravity and Grace,Simone Weil,"Weil, Simone","Gustave Thibon, Emma Crawford, Mario von der Ruhr","=""0415290015""","=""9780415290012""",0,4.27,Routledge,Paperback,224,2002,1947,,2021/02/04,to-read,to-read (#86),to-read,,,,0,0
35959740,Circe,Madeline Miller,"Miller, Madeline",,"=""0316556343""","=""9780316556347""",0,4.22,"Little, Brown and Company",Hardcover,393,2018,2018,,2021/02/02,to-read,to-read (#85),to-read,,,,0,0
7437,Naked Lunch: The Restored Text,William S. Burroughs,"Burroughs, William S.","James Grauerholz, Barry Miles","=""0802140181""","=""9780802140180""",0,3.46,Grove Press,Paperback,289,2004,1959,,2021/01/31,to-read,to-read (#84),to-read,,,,0,0
4437202,A Book of Silence,Sara Maitland,"Maitland, Sara",,"=""1847080421""","=""9781847080424""",0,3.76,Counterpoint,Hardcover,320,2008,2008,,2021/01/30,to-read,to-read (#83),to-read,,,,0,0
8167094,The Hidden Reality: Parallel Universes and the Deep Laws of the Cosmos,Brian Greene,"Greene, Brian",,"=""0307265633""","=""9780307265630""",0,4.11,Knopf,Hardcover,384,2011,2011,,2021/01/30,to-read,to-read (#82),to-read,,,,0,0
18695384,Charity and Sylvia: A Same-Sex Marriage in Early America,Rachel Hope Cleves,"Cleves, Rachel Hope",,"=""0199335427""","=""9780199335428""",0,3.98,Oxford University Press,Hardcover,267,2014,2014,,2021/01/29,to-read,to-read (#81),to-read,,,,0,0
50166764,L'algoritmo e l'oracolo,Alessandro Vespignani,"Vespignani, Alessandro",Rosita Rijtano,"=""8865767316""","=""9788865767313""",4,3.94,Il Saggiatore,Kindle Edition,197,2019,,2020/02/14,2020/11/19,statistics,statistics (#4),read,,,,1,0
10672848,"The Theory That Would Not Die: How Bayes' Rule Cracked the Enigma Code, Hunted Down Russian Submarines, and Emerged Triumphant from Two Centuries of Controversy",Sharon Bertsch McGrayne,"McGrayne, Sharon Bertsch",,"=""0300169698""","=""9780300169690""",0,3.77,Yale University Press,Hardcover,336,2011,2011,,2021/01/26,"to-read, statistics","to-read (#80), statistics (#3)",to-read,,,,0,0
2272880,The Drunkard's Walk: How Randomness Rules Our Lives,Leonard Mlodinow,"Mlodinow, Leonard",,"=""0375424040""","=""9780375424045""",0,3.95,Pantheon Books,Hardcover,252,2008,2008,,2021/01/26,"statistics, to-read","statistics (#1), to-read (#79)",to-read,,,,0,0
28921,The Remains of the Day,Kazuo Ishiguro,"Ishiguro, Kazuo",,"=""""","=""""",0,4.14,Faber & Faber,Paperback,258,2005,1989,,2021/01/26,to-read,to-read (#78),to-read,,,,0,0
11566,The Green Mile,Stephen        King,"King, Stephen",,"=""0451933028""","=""9780451933027""",0,4.49,Penguin Signet,Paperback,592,1996,1996,,2021/01/26,to-read,to-read (#77),to-read,,,,0,0
6900,"Tuesdays with Morrie: An Old Man, a Young Man, and Life's Greatest Lesson",Mitch Albom,"Albom, Mitch",,"=""""","=""""",0,4.20,Warner,Paperback,210,2000,1997,,2021/01/26,to-read,to-read (#75),to-read,,,,0,0
6327,The Witches,Roald Dahl,"Dahl, Roald",Quentin Blake,"=""0590032496""","=""9780590032490""",5,4.18,Scholastic Inc.,Paperback,208,1997,1983,,2021/01/26,,,read,,,,2,0
120254,The Official Preppy Handbook,Lisa Birnbach,"Birnbach, Lisa",,"=""0894801406""","=""9780894801402""",0,4.18,Workman Publishing,Paperback,224,1980,1980,,2021/01/24,to-read,to-read (#74),to-read,,,,0,0
11588,"The Shining (The Shining, #1)",Stephen        King,"King, Stephen",,"=""0450040186""","=""9780450040184""",0,4.28,New English Library,Mass Market Paperback,497,1980,1977,,2021/01/24,to-read,to-read (#73),to-read,,,,0,0
46945,Requiem for a Dream,Hubert Selby Jr.,"Jr., Hubert Selby","Darren Aronofsky, Richard Price","=""1560252480""","=""9781560252481""",0,4.11,Grand Central Publishing,Paperback,279,1999,1978,,2021/01/24,to-read,to-read (#72),to-read,,,,0,0
28676,American Psycho,Bret Easton Ellis,"Ellis, Bret Easton",,"=""0679735771""","=""9780679735779""",0,3.80,Vintage Contemporaries,Paperback,399,1991,1991,,2021/01/24,to-read,to-read (#71),to-read,,,,0,0
7667076,Tornatrás,Bianca Pitzorno,"Pitzorno, Bianca",Quentin Blake,"=""8804515015""","=""9788804515012""",5,4.44,Mondadori,Paperback,367,2003,2000,,2020/08/16,,,read,,,,1,0
821611,The Story of My Life,Helen Keller,"Keller, Helen",,"=""0553213873""","=""9780553213874""",5,4.07,Bantam Classics,Mass Market Paperback,240,1990,1902,,2020/10/07,,,read,,,,1,0
1885,Pride and Prejudice,Jane Austen,"Austen, Jane",Anna Quindlen,"=""1441341706""","=""9781441341709""",5,4.29,Modern Library,Paperback,279,2023,1813,2020/05/31,2020/08/16,,,read,,,,1,0
320,One Hundred Years of Solitude,Gabriel García Márquez,"Márquez, Gabriel García",Gregory Rabassa,"=""""","=""""",5,4.12,Harper,Mass Market Paperback,417,2003,1967,2020/10/26,2020/10/07,,,read,,,,1,0
1934,"Little Women (Little Women, #1)",Louisa May Alcott,"Alcott, Louisa May","Regina Barreca, Grzegorz Komerski, Marta Fihel","=""""","=""""",5,4.17,Signet Classics,Mass Market Paperback,449,2004,1868,,2020/08/16,,,read,,,,1,0
8337,"Little House in the Big Woods (Little House, #1)",Laura Ingalls Wilder,"Wilder, Laura Ingalls",Garth Williams,"=""0060885378""","=""9780060885373""",4,4.21,HarperChildrens,Paperback,224,2007,1932,,2020/08/16,,,read,,,,1,0
114345,"The Little House Collection (Little House, #1-9)",Laura Ingalls Wilder,"Wilder, Laura Ingalls",,"=""0060529962""","=""9780060529963""",4,4.36,Avon Books,Paperback,2700,2003,1971,,2020/10/10,,,read,,,,1,0
6828806,The Consequences of Longing,Peter Boody,"Boody, Peter",,"=""1605710229""","=""9781605710228""",0,3.91,Northshire Press,Paperback,318,2009,2009,,2021/01/24,to-read,to-read (#70),to-read,,,,0,0
15733160,Meditation on Space-Time,Leonard Seet,"Seet, Leonard",,"=""0967493722""","=""9780967493725""",0,4.11,Excelsior Publishing,Paperback,236,2012,2012,,2021/01/24,to-read,to-read (#69),to-read,,,,0,0
137371,Nothing Lost,John Gregory Dunne,"Dunne, John Gregory",,"=""1400035015""","=""9781400035014""",0,3.48,Vintage,Paperback,352,2005,2004,,2021/01/23,to-read,to-read (#68),to-read,,,,0,0
422,A Book of Common Prayer,Joan Didion,"Didion, Joan",,"=""""","=""""",0,3.80,Vintage International,Paperback,272,1995,1977,,2021/01/23,to-read,to-read (#67),to-read,,,,0,0
3738515,Il sentiero dei nidi di ragno,Italo Calvino,"Calvino, Italo",Cesare Pavese,"=""""","=""""",0,3.77,Mondadori,ebook,162,2002,1947,,2021/01/23,to-read,to-read (#66),to-read,,,,0,0
10252302,Blue Nights,Joan Didion,"Didion, Joan",,"=""0307267679""","=""9780307267672""",5,3.95,Knopf,Hardcover,208,2011,2011,2021/01/23,2020/11/27,,,read,,,,1,0
425,Democracy,Joan Didion,"Didion, Joan",,"=""0679754857""","=""9780679754855""",0,3.85,Vintage International,Paperback,234,1995,1984,,2021/01/17,to-read,to-read (#65),to-read,,,,0,0
423,Where I Was From,Joan Didion,"Didion, Joan",,"=""""","=""""",0,3.86,Vintage,Paperback,240,2004,2003,,2021/01/17,to-read,to-read (#64),to-read,,,,0,0
826354,Live and Learn,Joan Didion,"Didion, Joan",,"=""0007204388""","=""9780007204380""",0,4.21,Harper Perennial,Paperback,,2005,2005,,2021/01/17,to-read,to-read (#63),to-read,,,,0,0
53308149,Let Me Tell You What I Mean,Joan Didion,"Didion, Joan",,"=""059331848X""","=""9780593318485""",0,3.84,Knopf,Hardcover,149,2021,2021,,2021/01/17,to-read,to-read (#61),to-read,,,,0,0
15823480,Anna Karenina,Leo Tolstoy,"Tolstoy, Leo","Aylmer Maude, Louise Maude, Dieter Wellershoff, Bruno Goetz, Lev Tolstoj, Léon Tolstoï","=""0345803922""","=""9780345803924""",0,4.10,Vintage,Paperback,964,2012,1878,,2020/08/16,to-read,to-read (#60),to-read,,,,0,0
347852,"The Road Less Traveled: A New Psychology of Love, Traditional Values and Spiritual Growth",M. Scott Peck,"Peck, M. Scott",,"=""""","=""""",0,4.08,Simon & Schuster,Paperback,320,1978,1978,,2020/11/24,to-read,to-read (#51),to-read,,,,0,0
164006,Memoirs of a Dutiful Daughter,Simone de Beauvoir,"Beauvoir, Simone de",James Kirkup,"=""0060825197""","=""9780060825195""",0,4.12,Harper Perennial Modern Classics,Paperback,359,2005,1958,,2020/10/28,to-read,to-read (#32),to-read,,,,0,0
33606660,I'd Rather Be Reading: A Library of Art for Book Lovers,Guinevere de la Mare,"Mare, Guinevere de la",,"=""1452155119""","=""9781452155111""",0,3.56,Chronicle Books,Hardcover,96,2017,2017,,2021/01/03,to-read,to-read (#59),to-read,,,,0,0
13214,"I Know Why the Caged Bird Sings (Maya Angelou's Autobiography, #1)",Maya Angelou,"Angelou, Maya",,"=""0553279378""","=""9780553279375""",0,4.30,Bantam Books,Paperback,289,1993,1969,,2020/10/22,to-read,to-read (#23),to-read,,,,0,0
45868745,Il grande romanzo della matematica,Mickaël Launay,"Launay, Mickaël",,"=""8893448270""","=""9788893448277""",0,4.07,La nave di Teseo,Kindle Edition,334,2019,2016,,2020/11/16,to-read,to-read (#47),to-read,,,,0,0
85767,Gender Trouble: Feminism and the Subversion of Identity,Judith Butler,"Butler, Judith",,"=""0415389550""","=""9780415389556""",0,4.05,Routledge,Paperback,236,2006,1989,,2020/10/28,to-read,to-read (#37),to-read,,,,0,0
11554565,Come funziona il caos: Dal moto dei pianeti all'effetto farfalla,Ivar Ekeland,"Ekeland, Ivar",Andrea Migliori,"=""8833920410""","=""9788833920412""",3,3.49,Bollati Boringhieri,Paperback,96,2010,1995,,2020/12/20,,,read,,,,1,0
30149408,Anomaly! Collider Physics And The Quest For New Phenomena At Fermilab,Tommaso Dorigo,"Dorigo, Tommaso",,"=""1786341115""","=""9781786341112""",5,4.44,Wspc (Europe),Paperback,304,2016,,2020/12/27,2020/12/18,,,read,,,,1,0
5129,Brave New World,Aldous Huxley,"Huxley, Aldous",,"=""0060929871""","=""9780060929879""",4,3.99,HarperPerennial / Perennial Classics,Paperback,288,1998,1932,2020/12/20,2020/12/18,,,read,,,,1,0
53487334,The Best of Me,David Sedaris,"Sedaris, David",,"=""0316628247""","=""9780316628242""",0,4.21,"Little, Brown and Company",Hardcover,387,2020,2020,,2020/12/18,to-read,to-read (#58),to-read,,,,0,0
2119648,Gli spiriti non dimenticano: il mistero di Cavallo Pazzo e la tragedia dei Sioux,Vittorio Zucconi,"Zucconi, Vittorio",,"=""8804458240""","=""9788804458241""",4,4.48,Mondadori,Paperback,381,1998,1996,2020/12/17,2020/11/14,,,read,,,,1,0
52860068,Babele: Le 20 lingue che spiegano il mondo,Gaston Dorren,"Dorren, Gaston","Cristina Spinoglio, Carlo Capararo","=""8811689821""","=""9788811689829""",3,3.79,Garzanti,Kindle Edition,401,2019,2018,2020/12/02,2020/11/12,,,read,,,,1,0
7182,The Black Tulip,Alexandre Dumas,"Dumas, Alexandre",Robin Buss,"=""0140448926""","=""9780140448924""",0,3.85,Penguin Classics,Paperback,246,2003,1850,,2020/11/01,to-read,to-read (#46),to-read,,,,0,0
12220,A Streetcar Named Desire,Tennessee Williams,"Williams, Tennessee",,"=""0822210894""","=""9780822210894""",0,3.98,Dramatist's Play Service,Paperback,107,1998,1947,,2020/10/25,to-read,to-read (#30),to-read,,,,0,0
514811,The Secret Magdalene,Ki Longfellow,"Longfellow, Ki",,"=""0307346668""","=""9780307346667""",0,4.14,Crown,Hardcover,448,2007,2005,,2020/11/24,to-read,to-read (#53),to-read,,,,0,0
14935,Sense and Sensibility,Jane Austen,"Austen, Jane","Ros Ballaster, Джейн Остин","=""0141439661""","=""9780141439662""",4,4.09,Penguin Books,Paperback,409,2003,1811,,2020/08/16,to-read,to-read (#24),to-read,,,,1,0
70401,On the Road,Jack Kerouac,"Kerouac, Jack",,"=""0140042598""","=""9780140042597""",0,3.61,Penguin Books,Paperback,307,1976,1957,,2020/10/07,to-read,to-read (#12),to-read,,,,0,0
7624,Lord of the Flies,William Golding,"Golding, William",,"=""0140283331""","=""9780140283334""",0,3.70,Penguin Books ,Paperback,182,1999,1954,,2020/10/07,to-read,to-read (#6),to-read,,,,0,0
7763,The Joy Luck Club,Amy Tan,"Tan, Amy",,"=""""","=""""",0,3.97,Penguin (Non-Classics),Paperback,288,2006,1989,,2020/10/07,to-read,to-read (#11),to-read,,,,0,0
168668,Catch-22,Joseph Heller,"Heller, Joseph",,"=""0684833395""","=""9780684833392""",0,3.99,Simon & Schuster ,Paperback,453,2004,1961,,2020/10/07,to-read,to-read (#15),to-read,,,,0,0
3876,The Sun Also Rises,Ernest Hemingway,"Hemingway, Ernest",,"=""""","=""""",3,3.79,Pan Books,Paperback,189,1957,1926,2020/11/26,2020/10/25,,,read,,,,1,0
4981,Slaughterhouse-Five,Kurt Vonnegut Jr.,"Jr., Kurt Vonnegut",,"=""""","=""""",0,4.10,Dial Press,Paperback,275,1999,1969,,2020/11/24,to-read,to-read (#50),to-read,,,,0,0
17061,Coraline,Neil Gaiman,"Gaiman, Neil",Dave McKean,"=""0061139378""","=""9780061139376""",0,4.13,William Morrow Paperbacks,Paperback,208,2006,2002,,2020/11/25,to-read,to-read (#57),to-read,,,,0,0
6334,Never Let Me Go,Kazuo Ishiguro,"Ishiguro, Kazuo",,"=""1400078776""","=""9781400078776""",0,3.85,Vintage Books ,Paperback,288,2010,2005,,2020/11/24,to-read,to-read (#56),to-read,,,,0,0
14891,A Tree Grows in Brooklyn,Betty  Smith,"Smith, Betty",,"=""0061120073""","=""9780061120077""",0,4.30,HarperCollins Publishers,Paperback,496,2006,1943,,2020/11/24,to-read,to-read (#55),to-read,,,,0,0
45999008,The Ultimate Religion,Gillian Dance,"Dance, Gillian",,"=""""","=""""",0,4.43,Describe Write,ebook,483,2019,,,2020/11/24,to-read,to-read (#54),to-read,,,,0,0
4214,Life of Pi,Yann Martel,"Martel, Yann",,"=""0770430074""","=""9780770430078""",0,3.94,Seal Books,Paperback,460,2006,2001,,2020/10/07,to-read,to-read (#9),to-read,,,,0,0
128029,A Thousand Splendid Suns,Khaled Hosseini,"Hosseini, Khaled",,"=""1594489505""","=""9781594489501""",0,4.45,Riverhead Books,Hardcover,372,2007,2007,,2020/08/16,to-read,to-read (#5),to-read,,,,0,0
252577,"Angela’s Ashes (Frank McCourt, #1)",Frank McCourt,"McCourt, Frank",,"=""0007205236""","=""9780007205233""",0,4.15,Harper Perennial,Paperback,452,2005,1996,,2020/10/07,to-read,to-read (#17),to-read,,,,0,0
332613,One Flew Over the Cuckoo’s Nest,Ken Kesey,"Kesey, Ken",,"=""""","=""""",0,4.20,Signet,Mass Market Paperback,325,1963,1962,,2020/10/07,to-read,to-read (#13),to-read,,,,0,0
119073,The Name of the Rose,Umberto Eco,"Eco, Umberto",William Weaver,"=""0156001314""","=""9780156001311""",0,4.14,Houghton Mifflin Harcourt,Paperback,552,1994,1980,,2020/10/07,to-read,to-read (#19),to-read,,,,0,0
14942,Mrs. Dalloway,Virginia Woolf,"Woolf, Virginia",Maureen Howard,"=""0151009988""","=""9780151009985""",0,3.78,Houghton Mifflin Harcourt,Hardcover,194,2002,1925,,2020/08/16,to-read,to-read (#3),to-read,,,,0,0
24280,Les Misérables,Victor Hugo,"Hugo, Victor","Norman MacAfee, Charles E. Wilbour, Lee Fahnestock, Isabel Florence Hapgood","=""0451525264""","=""9780451525260""",0,4.21,Penguin,Mass Market Paperback,1463,1987,1862,,2020/10/10,to-read,to-read (#22),to-read,,,,0,0
77203,The Kite Runner,Khaled Hosseini,"Hosseini, Khaled",,"=""159463193X""","=""9781594631931""",0,4.35,Riverhead Books,Paperback,371,2004,2003,,2020/08/16,to-read,to-read (#25),to-read,,,,0,0
18114322,The Grapes of Wrath,John Steinbeck,"Steinbeck, John",,"=""067001690X""","=""9780670016907""",0,4.02,Viking,Hardcover,496,2014,1939,,2020/10/07,to-read,to-read (#10),to-read,,,,0,0
18373,Flowers for Algernon,Daniel Keyes,"Keyes, Daniel",,"=""015603008X""","=""9780156030083""",0,4.23,Harvest Books,Paperback,311,2004,1966,,2020/10/07,to-read,to-read (#20),to-read,,,,0,0
968,"The Da Vinci Code (Robert Langdon, #2)",Dan    Brown,"Brown, Dan",,"=""""","=""""",0,3.93,Anchor,Paperback,489,2006,2003,,2020/10/07,to-read,to-read (#7),to-read,,,,0,0
3153910,The Art of Racing in the Rain,Garth Stein,"Stein, Garth",,"=""1554681723""","=""9781554681723""",0,4.23,Harper Collins,Hardcover,336,2008,2008,,2020/11/24,to-read,to-read (#52),to-read,,,,0,0
19543,Where the Wild Things Are,Maurice Sendak,"Sendak, Maurice",,"=""0099408392""","=""9780099408390""",0,4.25,Red Fox,Paperback,38,2000,1963,,2020/11/24,to-read,to-read (#49),to-read,,,,0,0
1618,The Curious Incident of the Dog in the Night-Time,Mark Haddon,"Haddon, Mark",,"=""1400032717""","=""9781400032716""",0,3.89,Vintage,Paperback,226,2004,2003,,2020/11/23,to-read,to-read (#48),to-read,,,,0,0
54494297,Le sorgenti del sogno. Un viaggio nella psiche umana,Vittorino Andreoli,"Andreoli, Vittorino",,"=""8829707732""","=""9788829707737""",1,2.50,Marsilio,Kindle Edition,160,2020,,2020/11/19,2020/11/16,,,read,,,,1,0
31196,The Razor’s Edge,W. Somerset Maugham,"Maugham, W. Somerset",,"=""1400034205""","=""9781400034208""",4,4.19,Vintage International,Paperback,314,2003,1944,2020/11/18,2020/10/28,,,read,,,,1,0
25744928,Deep Work: Rules for Focused Success in a Distracted World,Cal Newport,"Newport, Cal",,"=""1455586692""","=""9781455586691""",3,4.16,Grand Central Publishing,Hardcover,296,2016,2016,2020/11/09,2020/11/04,,,read,,,,1,0
6149,"Beloved (Beloved Trilogy, #1)",Toni Morrison,"Morrison, Toni",,"=""""","=""9781400033416""",5,3.98,Vintage,Paperback,325,2004,1987,2020/11/03,2020/10/07,,,read,,,,1,0
7733,Gulliver’s Travels,Jonathan Swift,"Swift, Jonathan",Robert DeMaria Jr.,"=""0141439491""","=""9780141439495""",4,3.59,Penguin,Paperback,306,2017,1726,,2020/10/30,,,read,,,,1,0
890,Of Mice and Men,John Steinbeck,"Steinbeck, John",,"=""0142000671""","=""9780142000670""",4,3.89,Penguin Books,Paperback,107,2002,1937,2020/10/29,2020/10/07,,,read,,,,1,0
13586707,"My Brilliant Friend (My Brilliant Friend, #1)",Elena Ferrante,"Ferrante, Elena",Ann Goldstein,"=""""","=""""",4,4.05,Europa Editions,Paperback,331,2012,2011,2020/03/15,2020/10/28,,,read,,,,1,0
251052,How the Light Gets In,M.J. Hyland,"Hyland, M.J.",,"=""1841956112""","=""9781841956114""",0,3.42,Canongate Books Ltd,Paperback,336,2005,2003,,2020/10/28,to-read,to-read (#45),to-read,,,,0,0
394172,The True and Outstanding Adventures of the Hunt Sisters,Elisabeth Robinson,"Robinson, Elisabeth",,"=""0316159360""","=""9780316159364""",0,3.34,Back Bay Books,Paperback,326,2005,2004,,2020/10/28,to-read,to-read (#44),to-read,,,,0,0
125842,A Bolt from the Blue and Other Essays,Mary McCarthy,"McCarthy, Mary",A.O. Scott,"=""1590170105""","=""9781590170106""",0,3.74,New York Review Books Collections,Hardcover,400,2002,2001,,2020/10/28,to-read,to-read (#43),to-read,,,,0,0
109533,The New Way Things Work,David Macaulay,"Macaulay, David",Neil Ardley,"=""0395938473""","=""9780395938478""",0,4.27,Houghton Mifflin,Hardcover,400,1998,1988,,2020/10/28,to-read,to-read (#42),to-read,,,,0,0
35276743,Damselfly,Chandra Prasad,"Prasad, Chandra",,"=""0545907926""","=""9780545907927""",0,3.37,Scholastic Press,Hardcover,240,2018,2018,,2020/10/28,to-read,to-read (#41),to-read,,,,0,0
44453,Complete Stories (Penguin Classics),Dorothy Parker,"Parker, Dorothy","Regina Barreca, Colleen Bresse","=""0142437212""","=""9780142437216""",0,4.11,Penguin Classics,Paperback,447,2002,1924,,2020/10/28,to-read,to-read (#40),to-read,,,,0,0
1409344,Driving Miss Daisy,Alfred Uhry,"Uhry, Alfred",,"=""0930452895""","=""9780930452896""",0,4.24,Theatre Communications Group,Paperback,80,1993,1987,,2020/10/28,to-read,to-read (#39),to-read,,,,0,0
858313,The Children's Hour,Lillian Hellman,"Hellman, Lillian",,"=""0822202050""","=""9780822202059""",0,3.97,Dramatist's Play Service,Paperback,75,1953,1934,,2020/10/28,to-read,to-read (#38),to-read,,,,0,0
1381,The Odyssey,Homer,"Homer, Homer","Robert Fagles, Bernard Knox","=""0143039954""","=""9780143039952""",0,3.83,Penguin Classics ,Paperback,541,2006,-700,,2020/10/28,,,read,,,,1,0
4136,Holidays on Ice,David Sedaris,"Sedaris, David",,"=""0316191299""","=""9780316191296""",0,3.89,Little Brown & Co (P),Paperback,176,1998,1997,,2020/10/28,to-read,to-read (#36),to-read,,,,0,0
15645,Inferno,Dante Alighieri,"Alighieri, Dante",Anthony Esolen,"=""0812970063""","=""9780812970067""",0,4.03,Modern Library,Kindle Edition,490,2022,1321,,2020/10/28,,,read,,,,1,0
46787,Uncle Tom’s Cabin,Harriet Beecher Stowe,"Stowe, Harriet Beecher",,"=""""","=""""",0,3.92,Wordsworth Classics,Paperback,438,1999,1852,,2020/10/28,to-read,to-read (#35),to-read,,,,0,0
23919,The Complete Stories and Poems,Edgar Allan Poe,"Poe, Edgar Allan",,"=""0385074077""","=""9780385074070""",0,4.40,"Doubleday & Company, Inc.",Hardcover,821,1984,1849,,2020/10/28,,,read,,,,1,0
180617,Pinocchio,Carlo Collodi,"Collodi, Carlo","John Boyne, Gioia Fiammenghi, Mattotti, Elizabeth Parrocha-Doctolero","=""0140382623""","=""9780140382624""",0,3.84,Puffin Books,Paperback,262,1996,1883,,2020/10/28,,,read,,,,1,0
6656,The Divine Comedy: Inferno - Purgatorio - Paradiso,Dante Alighieri,"Alighieri, Dante","Allen Mandelbaum, Eugenio Montale, Peter Armour, Sandro Botticelli","=""0679433139""","=""9780679433132""",0,4.08,Everyman's Library,Hardcover,798,1995,1320,,2020/10/28,,,read,,,,1,0
10917,My Sister's Keeper,Jodi Picoult,"Picoult, Jodi",,"=""0743454537""","=""9780743454537""",0,4.11,Atria/Emily Bestler Books,Paperback,423,2005,2004,,2020/10/28,to-read,to-read (#33),to-read,,,,0,0
115269,Bar Sport Duemila,Stefano Benni,"Benni, Stefano",,"=""880781532X""","=""9788807815324""",0,3.53,Feltrinelli,Paperback,168,2002,1997,,2020/10/27,,,read,,,,1,0
1506428,La Compagnia dei Celestini,Stefano Benni,"Benni, Stefano",,"=""8807812797""","=""9788807812798""",0,3.81,Feltrinelli,Paperback,288,2003,1992,,2020/10/27,,,read,,,,1,0
3399911,Bar Sport,Stefano Benni,"Benni, Stefano",,"=""880781434X""","=""9788807814341""",5,3.68,Feltrinelli,Paperback,132,1997,1976,,2020/10/27,,,read,,,,1,0
3431,The Five People You Meet in Heaven,Mitch Albom,"Albom, Mitch",,"=""0786868716""","=""9780786868711""",3,4.01,Hyperion,Hardcover,196,2003,2003,2020/10/27,2020/10/25,,,read,,,,1,0
5883777,Holy Bible: English Standard Version (ESV),Anonymous,"Anonymous, Anonymous",,"=""1433502976""","=""9781433502972""",0,4.59,Good News Publishers/Crossway Books,Kindle Edition,1243,2007,,,2020/10/25,,,read,,,,1,0
40200,The Crimson Petal and the White,Michel Faber,"Faber, Michel",,"=""1841954314""","=""9781841954318""",0,3.89,Canongate Books,Paperback,922,2003,2002,,2020/10/25,to-read,to-read (#31),to-read,,,,0,0
27494,Leaves of Grass,Walt Whitman,"Whitman, Walt",,"=""""","=""""",0,4.11,Simon  Schuster,Paperback,624,2006,1855,,2020/10/25,,,read,,,,1,0
46164,Tender Is the Night,F. Scott Fitzgerald,"Fitzgerald, F. Scott",Amor Towles,"=""""","=""""",0,3.77,Scribner,Paperback,430,1995,1934,,2020/10/25,to-read,to-read (#29),to-read,,,,0,0
656,War and Peace,Leo Tolstoy,"Tolstoy, Leo","Aylmer Maude, Louise Maude","=""0192833987""","=""9780192833983""",0,4.17,Oxford University Press,Paperback,1392,1998,1869,,2020/10/25,to-read,to-read (#28),to-read,,,,0,0
7714,Pygmalion,George Bernard Shaw,"Shaw, George Bernard",,"=""0486282228""","=""9780486282220""",0,3.89,Dover Publications,Paperback,82,1994,1913,,2020/10/25,,,read,,,,1,0
7745,Fear and Loathing in Las Vegas: A Savage Journey to the Heart of the American Dream,Hunter S. Thompson,"Thompson, Hunter S.",Ralph Steadman,"=""0679785892""","=""9780679785897""",0,4.06,Vintage Books,Paperback,204,1998,1971,,2020/10/25,to-read,to-read (#27),to-read,,,,0,0
7442,The Electric Kool-Aid Acid Test,Tom Wolfe,"Wolfe, Tom",,"=""0553380648""","=""9780553380644""",0,3.92,Bantam,Paperback,416,1999,1968,,2020/10/25,to-read,to-read (#26),to-read,,,,0,0
68873,"Manolito on the road (Manolito Gafotas, #5)",Elvira Lindo,"Lindo, Elvira",Emilio Urberuaga,"=""8420457868""","=""9788420457864""",5,3.92,Alfaguara,Hardcover,152,1998,1998,,2020/10/25,,,read,,,,1,0
68870,"Manolito Gafotas (Manolito Gafotas, #1)",Elvira Lindo,"Lindo, Elvira",,"=""8420458546""","=""9788420458540""",5,4.00,Editorial Alfaguara,Hardcover,137,1994,1994,,2020/10/25,,,read,,,,1,0
68869,"Yo y el Imbécil (Manolito Gafotas, #6)",Elvira Lindo,"Lindo, Elvira",Emilo Urberuaga,"=""842045804X""","=""9788420458045""",5,3.97,Alfaguara,Hardcover,211,1999,1999,,2020/10/25,,,read,,,,1,0
562212,Sostiene Pereira,Antonio Tabucchi,"Tabucchi, Antonio","Carlos Gumpert, Xavier González Rovira","=""""","=""""",0,4.19,Anagrama,Paperback,192,1999,1994,,2020/10/25,,,read,,,,1,0
906560,Tramp for the Lord,Corrie ten Boom,"Boom, Corrie ten",,"=""0515089931""","=""9780515089936""",4,4.50,Berkley Books,Mass Market Paperback,192,1978,1971,,2020/10/25,,,read,,,,1,0
561909,The Hiding Place: The Triumphant True Story of Corrie Ten Boom,Corrie ten Boom,"Boom, Corrie ten","John Sherrill, Elizabeth Sherrill","=""0553256696""","=""9780553256697""",4,4.48,Bantam,Mass Market Paperback,242,1974,1971,,2020/10/25,,,read,,,,1,0
1070604,L'esclusa,Luigi Pirandello,"Pirandello, Luigi",,"=""8804365498""","=""9788804365495""",5,3.70,Mondadori,Paperback,236,1992,1901,,2020/10/25,,,read,,,,1,0
266342,La giornata d'uno scrutatore,Italo Calvino,"Calvino, Italo",Guido Piovene,"=""8804379898""","=""9788804379898""",3,3.60,Mondadori,Paperback,83,1994,1963,,2020/10/25,,,read,,,,1,0
22628,The Perks of Being a Wallflower,Stephen Chbosky,"Chbosky, Stephen",,"=""""","=""""",4,4.24,MTV Books/Pocket Books,Hardcover,213,1999,1999,2020/10/22,2020/10/07,,,read,,,,1,0
23442478,Ciò che inferno non è,Alessandro D'Avenia,"D'Avenia, Alessandro",,"=""8804647124""","=""9788804647126""",0,4.05,Mondadori,Paperback,324,2014,2014,,2020/10/22,,,read,,,,1,0
14940,Who's Afraid of Virginia Woolf?,Edward Albee,"Albee, Edward",,"=""""","=""""",3,4.06,Berkley,Paperback,272,2006,1962,2020/10/21,2020/10/07,,,read,,,,1,0
52036,Siddhartha,Hermann Hesse,"Hesse, Hermann","Hilda Rosner, Zigmantas Ardickas","=""""","=""""",3,4.08,Bantam Books,Mass Market Paperback,152,1981,1922,2020/10/20,2020/08/16,,,read,,,,1,0
5326,A Christmas Carol,Charles Dickens,"Dickens, Charles",Joe L. Wheeler,"=""1561797464""","=""9781561797462""",3,4.09,Bethany House Publishers ,Paperback,184,1999,1843,2020/10/12,2020/10/10,,,read,,,,1,0
83674,The Bridges of Madison County,Robert James Waller,"Waller, Robert James",,"=""0446364495""","=""9780446364492""",4,3.72,Grand Central Publishing,Mass Market Paperback,182,1995,1992,2020/10/12,2020/10/08,,,read,,,,1,0
612888,The Lonely Londoners,Sam Selvon,"Selvon, Sam",,"=""0582642647""","=""9780582642645""",4,3.70,Longman,Paperback,142,1989,1956,,2020/10/11,,,read,,,,1,0
21996,The Devil in the White City,Erik Larson,"Larson, Erik",Tony Goldwyn,"=""0739303406""","=""9780739303405""",0,4.00,Random House Audio Publishing Group,Paperback,496,2003,2003,,2020/10/07,to-read,to-read (#21),to-read,,,,0,0
117837,Heart of Darkness,Joseph Conrad,"Conrad, Joseph",Stanley Appelbaum,"=""0486264645""","=""9780486264646""",0,3.43,Dover Publications,Paperback,72,1990,1899,,2020/10/07,to-read,to-read (#18),to-read,,,,0,0
227463,A Clockwork Orange,Anthony Burgess,"Burgess, Anthony",,"=""""","=""""",0,4.00,W. W. Norton & Company,Paperback,192,1986,1962,,2020/10/07,to-read,to-read (#14),to-read,,,,0,0
6867,Atonement,Ian McEwan,"McEwan, Ian",,"=""038572179X""","=""9780385721790""",0,3.95,Anchor Books,Paperback,351,2003,2001,,2020/10/07,to-read,to-read (#8),to-read,,,,0,0
19063,The Book Thief,Markus Zusak,"Zusak, Markus",,"=""""","=""""",4,4.39,Alfred A. Knopf,Kindle Edition,592,2006,2005,2020/09/29,2020/08/16,,,read,,,,1,0
4865,How to Win Friends & Influence People,Dale Carnegie,"Carnegie, Dale",,"=""""","=""""",4,4.22,Gallery Books,Paperback,288,1998,1936,,2020/08/16,,,read,,,,1,0
730501,What Katy Did,Susan Coolidge,"Coolidge, Susan",,"=""0543904709""","=""9780543904706""",4,3.90,Roberts Brothers,Paperback,136,2000,1872,,2020/08/16,,,read,,,,1,0
730498,What Katy Did at School,Susan Coolidge,"Coolidge, Susan",,"=""1406515280""","=""9781406515282""",4,3.97,Dodo Press,Paperback,150,2007,1873,,2020/08/16,,,read,,,,1,0
730499,The Katy Chronicles: What Katy Did; What Katy Did at School; And What Katy Did Next,Susan Coolidge,"Coolidge, Susan",,"=""0006932126""","=""9780006932123""",4,4.16,Armada,Hardcover,448,1988,1888,,2020/08/16,,,read,,,,1,0
730503,What Katy Did Next,Susan Coolidge,"Coolidge, Susan",,"=""1406515299""","=""9781406515299""",4,3.89,Dodo Press,Paperback,156,2007,1886,,2020/08/16,,,read,,,,1,0
9725705,Parlare a vanvera,Bianca Pitzorno,"Pitzorno, Bianca",Emanuela Bussolati,"=""8804599138""","=""9788804599135""",5,4.02,Mondadori,Paperback,128,2010,1989,,2020/08/16,,,read,,,,1,0
400783,"Clorofila del cielo azul (Cuentos, Mitos Y Libros-regalo) (Spanish Edition)",Bianca Pitzorno,"Pitzorno, Bianca",Adelchi Galloni,"=""8420790079""","=""9788420790077""",4,3.95,ANAYA INFANTIL Y JUVENIL,Paperback,224,2007,1975,,2020/08/16,,,read,,,,1,0
9660565,Re Mida ha le orecchie d'asino,Bianca Pitzorno,"Pitzorno, Bianca",Quentin Blake,"=""8804478551""","=""9788804478553""",4,4.04,Mondadori,Paperback,285,2000,1996,,2020/08/16,,,read,,,,1,0
8737890,"Bianca come il latte, rossa come il sangue",Alessandro D'Avenia,"D'Avenia, Alessandro",,"=""8804595183""","=""9788804595182""",3,3.53,Mondadori,Hardcover,254,2010,2010,,2020/08/16,,,read,,,,1,0
3685047,Ascolta il mio cuore,Bianca Pitzorno,"Pitzorno, Bianca",,"=""8804530227""","=""9788804530220""",5,4.41,A. Mondadori,Paperback,304,2006,1991,,2020/08/16,,,read,,,,1,0
12999738,Cose che nessuno sa,Alessandro D'Avenia,"D'Avenia, Alessandro",,"=""8804609168""","=""9788804609162""",4,3.60,Mondadori,Hardcover,336,2013,2011,,2020/08/16,,,read,,,,1,0
8515503,La bambinaia francese,Bianca Pitzorno,"Pitzorno, Bianca",,"=""""","=""""",5,4.20,Mondadori,Paperback,498,2006,2004,,2020/08/16,,,read,,,,1,0
59716,To the Lighthouse,Virginia Woolf,"Woolf, Virginia",Eudora Welty,"=""""","=""""",0,3.81,Harvest Books,Paperback,209,1989,1927,,2020/08/16,to-read,to-read (#4),to-read,,,,0,0
19501,"Eat, Pray, Love",Elizabeth Gilbert,"Gilbert, Elizabeth",,"=""0143038419""","=""9780143038412""",2,3.64,Riverhead Books,Paperback,368,2007,2006,,2020/08/16,,,read,,,,1,0
7144,Crime and Punishment,Fyodor Dostoevsky,"Dostoevsky, Fyodor","David McDuff, Joseph Frank","=""""","=""""",4,4.28,Penguin,Paperback,671,2002,1866,,2020/08/16,,,read,,,,1,0
2998,The Secret Garden,Frances Hodgson Burnett,"Burnett, Frances Hodgson",,"=""0517189607""","=""9780517189603""",3,4.17,Children's Classics,Hardcover,331,1998,1911,,2020/08/16,,,read,,,,1,0
485894,The Metamorphosis,Franz Kafka,"Kafka, Franz",Stanley Corngold,"=""0553213695""","=""9780553213690""",4,3.90,Bantam Classics,Mass Market Paperback,201,1972,1915,,2020/08/16,,,read,,,,1,0
39988,Matilda,Roald Dahl,"Dahl, Roald",Quentin Blake,"=""043512398X""","=""9780435123987""",5,4.33,New Windmills,Hardcover,240,1992,1988,,2020/08/16,,,read,,,,1,0
5107,The Catcher in the Rye,J.D. Salinger,"Salinger, J.D.",,"=""0316769177""","=""9780316769174""",5,3.80,Back Bay Books,Paperback,277,2001,1951,,2020/08/16,,,read,,,,1,0
40961427,1984,George Orwell,"Orwell, George",,"=""""","=""""",5,4.20,Houghton Mifflin Harcourt,ebook,298,2013,1949,,2020/08/16,,,read,,,,1,0
2767052,"The Hunger Games (The Hunger Games, #1)",Suzanne Collins,"Collins, Suzanne",,"=""0439023483""","=""9780439023481""",3,4.35,Scholastic Press,Hardcover,374,2008,2008,,2020/08/16,,,read,,,,1,0
4671,The Great Gatsby,F. Scott Fitzgerald,"Fitzgerald, F. Scott",,"=""0743273567""","=""9780743273565""",4,3.93,Scribner,Paperback,180,1925,1925,,2020/08/16,,,read,,,,1,0
2657,To Kill a Mockingbird,Harper Lee,"Lee, Harper",,"=""0060935464""","=""9780060935467""",4,4.26,Harper Perennial Modern Classics ,Paperback,323,2006,1960,,2020/08/16,,,read,,,,1,0
